,VALID LINKS,TITLE NAMES,INTERNAL LINK,EXTERNAL LINK,TOP20 UNI,TOP20 BI,WEB PAGE SIZE (KB)
0,https://www.exeterpremedia.com/wp-content/uploads/2019/06/springer-publishing-company.webp,N/A,True,False,['NULL'],['NULL'],6.48
1,https://www.exeterpremedia.com/2018/04/,April 2018 - Exeter,True,False,"['US', 'SERVICES', 'April', 'Us', 'us', 'About', 'India', 'Contact', 'careers', 'CONTACT', 'NEWS', 'EVENTS', 'ABOUT', 'BLOG', 'Resources', 'MANAGEMENT', 'PROJECT', 'DESIGN', 'ARTWORK']","[('Contact', 'Us'), ('US', 'careers'), ('CONTACT', 'US'), ('NEWS', 'CONTACT'), ('EVENTS', 'NEWS'), ('US', 'EVENTS'), ('ABOUT', 'US'), ('us', 'ABOUT'), ('About', 'us'), ('BLOG', 'About'), ('Resources', 'BLOG'), ('MANAGEMENT', 'Resources'), ('PROJECT', 'MANAGEMENT'), ('DESIGN', 'PROJECT'), ('ARTWORK', 'DESIGN'), ('SERVICES', 'ARTWORK'), ('DATA', 'SERVICES'), ('SERVICES', 'DATA'), ('EDITORIAL', 'SERVICES')]",110.2
2,https://www.exeterpremedia.com/services/#Project_Management,Exeter - Services,True,False,"['services', 'Services', 'We', 'publishers', 'Design', 'Our', 'content', 'authors', 'books', 'Exeters', 'Adobe', 'XML', 'Artwork', 'Data', 'US', 'illustrations', 'based', 'ensure', 'text']","[('Artwork', 'Design'), ('Project', 'Management'), ('Data', 'Services'), ('Editorial', 'Services'), ('books', 'journals'), ('Design', 'services'), ('page', 'composition'), ('turnaround', 'times'), ('authors', 'publishers'), ('Services', 'Artwork'), ('Services', 'Data'), ('Contact', 'Us'), ('editors', 'proofreaders'), ('Corel', 'Draw'), ('Adobe', 'Illustrator'), ('Photoshop', 'Adobe'), ('Adobe', 'Photoshop'), ('extensive', 'experience'), ('Services', 'We')]",127.01
3,https://www.linkedin.com/feed/hashtag/?keywords=%23ExeterPremedia,Sign Up | LinkedIn,False,True,"['LinkedIn', 'Chinese', 'Policy', 'Agree', 'Sign', 'TraditionalLanguage', 'Simplified正體中文', 'Turkish简体中文', 'TagalogTürkçe', 'ThaiTagalog', 'Swedishภาษาไทย', 'RussianSvenska', 'RomanianРусский', 'PortugueseRomână', 'PolishPortuguês', 'NorwegianPolski', 'DutchNorsk', 'MalayNederlands', 'Malaysia']","[('Chinese', 'TraditionalLanguage'), ('Simplified正體中文', 'Chinese'), ('Chinese', 'Simplified正體中文'), ('Turkish简体中文', 'Chinese'), ('TagalogTürkçe', 'Turkish简体中文'), ('ThaiTagalog', 'TagalogTürkçe'), ('Swedishภาษาไทย', 'ThaiTagalog'), ('RussianSvenska', 'Swedishภาษาไทย'), ('RomanianРусский', 'RussianSvenska'), ('PortugueseRomână', 'RomanianРусский'), ('PolishPortuguês', 'PortugueseRomână'), ('NorwegianPolski', 'PolishPortuguês'), ('DutchNorsk', 'NorwegianPolski'), ('MalayNederlands', 'DutchNorsk'), ('Malaysia', 'MalayNederlands'), ('KoreanBahasa', 'Malaysia'), ('Japanese한국어', 'KoreanBahasa'), ('Italian日本語', 'Japanese한국어'), ('IndonesiaItaliano', 'Italian日本語')]",24.43
4,https://www.exeterpremedia.com/wp-content/uploads/2019/06/elife-science-publications-ltd.webp,N/A,True,False,['NULL'],['NULL'],9.71
5,https://www.exeterpremedia.com/wp-content/uploads/2019/06/cabi.webp,N/A,True,False,['NULL'],['NULL'],7.16
6,https://www.linkedin.com/feed/hashtag/?keywords=%23YAH,Sign Up | LinkedIn,False,True,"['LinkedIn', 'Chinese', 'Policy', 'Agree', 'Sign', 'TraditionalLanguage', 'Simplified正體中文', 'Turkish简体中文', 'TagalogTürkçe', 'ThaiTagalog', 'Swedishภาษาไทย', 'RussianSvenska', 'RomanianРусский', 'PortugueseRomână', 'PolishPortuguês', 'NorwegianPolski', 'DutchNorsk', 'MalayNederlands', 'Malaysia']","[('Chinese', 'TraditionalLanguage'), ('Simplified正體中文', 'Chinese'), ('Chinese', 'Simplified正體中文'), ('Turkish简体中文', 'Chinese'), ('TagalogTürkçe', 'Turkish简体中文'), ('ThaiTagalog', 'TagalogTürkçe'), ('Swedishภาษาไทย', 'ThaiTagalog'), ('RussianSvenska', 'Swedishภาษาไทย'), ('RomanianРусский', 'RussianSvenska'), ('PortugueseRomână', 'RomanianРусский'), ('PolishPortuguês', 'PortugueseRomână'), ('NorwegianPolski', 'PolishPortuguês'), ('DutchNorsk', 'NorwegianPolski'), ('MalayNederlands', 'DutchNorsk'), ('Malaysia', 'MalayNederlands'), ('KoreanBahasa', 'Malaysia'), ('Japanese한국어', 'KoreanBahasa'), ('Italian日本語', 'Japanese한국어'), ('IndonesiaItaliano', 'Italian日本語')]",24.34
7,https://www.exeterpremedia.com/wp-content/uploads/2019/06/wit-press.webp,N/A,True,False,['NULL'],['NULL'],10.73
8,https://www.linkedin.com/feed/hashtag/?keywords=%23Journals,Sign Up | LinkedIn,False,True,"['LinkedIn', 'Chinese', 'Policy', 'Agree', 'Sign', 'TraditionalLanguage', 'Simplified正體中文', 'Turkish简体中文', 'TagalogTürkçe', 'ThaiTagalog', 'Swedishภาษาไทย', 'RussianSvenska', 'RomanianРусский', 'PortugueseRomână', 'PolishPortuguês', 'NorwegianPolski', 'DutchNorsk', 'MalayNederlands', 'Malaysia']","[('Chinese', 'TraditionalLanguage'), ('Simplified正體中文', 'Chinese'), ('Chinese', 'Simplified正體中文'), ('Turkish简体中文', 'Chinese'), ('TagalogTürkçe', 'Turkish简体中文'), ('ThaiTagalog', 'TagalogTürkçe'), ('Swedishภาษาไทย', 'ThaiTagalog'), ('RussianSvenska', 'Swedishภาษาไทย'), ('RomanianРусский', 'RussianSvenska'), ('PortugueseRomână', 'RomanianРусский'), ('PolishPortuguês', 'PortugueseRomână'), ('NorwegianPolski', 'PolishPortuguês'), ('DutchNorsk', 'NorwegianPolski'), ('MalayNederlands', 'DutchNorsk'), ('Malaysia', 'MalayNederlands'), ('KoreanBahasa', 'Malaysia'), ('Japanese한국어', 'KoreanBahasa'), ('Italian日本語', 'Japanese한국어'), ('IndonesiaItaliano', 'Italian日本語')]",24.39
9,http://www.exeterpremedia.com//services/#Data_Services,Exeter - Services,True,False,"['services', 'Services', 'We', 'publishers', 'Design', 'Our', 'content', 'authors', 'books', 'Exeters', 'Adobe', 'XML', 'Artwork', 'Data', 'US', 'illustrations', 'based', 'ensure', 'text']","[('Artwork', 'Design'), ('Project', 'Management'), ('Data', 'Services'), ('Editorial', 'Services'), ('books', 'journals'), ('Design', 'services'), ('page', 'composition'), ('turnaround', 'times'), ('authors', 'publishers'), ('Services', 'Artwork'), ('Services', 'Data'), ('Contact', 'Us'), ('editors', 'proofreaders'), ('Corel', 'Draw'), ('Adobe', 'Illustrator'), ('Photoshop', 'Adobe'), ('Adobe', 'Photoshop'), ('extensive', 'experience'), ('Services', 'We')]",126.92
10,https://www.exeterpremedia.com/wp-content/uploads/2019/06/rosen-publishing.webp,N/A,True,False,['NULL'],['NULL'],9.48
11,https://www.exeterpremedia.com/wp-content/uploads/2019/06/the-british-small-animal-veterinary-association.webp,N/A,True,False,['NULL'],['NULL'],18.36
12,https://www.instagram.com/exeterpremedia/,"
Exeter Premedia's (@exeterpremedia) Instagram profile • 18 photos and videos
",False,True,"['videos', 'photos', '18', 'profile', 'Instagram', 'exeterpremedia', 'Premedias', 'Exeter']","[('photos', 'videos'), ('18', 'photos'), ('profile', '18'), ('Instagram', 'profile'), ('exeterpremedia', 'Instagram'), ('Premedias', 'exeterpremedia'), ('Exeter', 'Premedias')]",116.73
13,https://www.exeterpremedia.com/,Exeter - Happy Authors and Delighted Publishers,True,False,"['Exeter', 'Premedia', 'Service', 'Kriya', 'us', 'Happy', 'US', 'Us', 'HappyAuthors', 'ExeterPremedia', 'More', 'SERVICES', 'Authors', 'Contact', 'UK', 'India', 'employees', '2019', 'Services']","[('Exeter', 'Premedia'), ('Service', 'Exeter'), ('Premedia', 'Service'), ('Kriya', 'HappyAuthors'), ('Happy', 'Authors'), ('Contact', 'Us'), ('Premedia', 'Exeter'), ('Markup', 'UK'), ('Independence', 'Day'), ('ExeterPremedia', 'Kriya'), ('Exeter', 'Kriya'), ('ExeterPremedia', 'Exeter'), ('2018Read', 'More'), ('Kriya', 'cloudbased'), ('US', 'careers'), ('CONTACT', 'US'), ('NEWS', 'CONTACT'), ('EVENTS', 'NEWS'), ('US', 'EVENTS')]",157.7
14,https://www.exeterpremedia.com/terms-and-conditions/,Terms and Conditions - Exeter,True,False,"['Services', 'Terms', 'use', 'us', 'Party', 'You', 'may', 'We', 'party', 'Receiving', 'Information', 'information', 'Disclosing', 'OR', 'shall', 'Confidential', 'authorized', 'account', 'ANY']","[('Confidential', 'Information'), ('Receiving', 'Party'), ('use', 'Services'), ('authorized', 'users'), ('third', 'party'), ('Disclosing', 'Party'), ('Customer', 'Data'), ('Disclosing', 'Partys'), ('You', 'agree'), ('access', 'use'), ('OUR', 'SERVICES'), ('Services', 'documentation'), ('Privacy', 'Policy'), ('These', 'Terms'), ('Terms', 'shall'), ('TO', 'THE'), ('OR', 'ANY'), ('Partys', 'Confidential'), ('The', 'Receiving')]",124.35
15,http://www.exeterpremedia.com//services/#Artwork,Exeter - Services,True,False,"['services', 'Services', 'We', 'publishers', 'Design', 'Our', 'content', 'authors', 'books', 'Exeters', 'Adobe', 'XML', 'Artwork', 'Data', 'US', 'illustrations', 'based', 'ensure', 'text']","[('Artwork', 'Design'), ('Project', 'Management'), ('Data', 'Services'), ('Editorial', 'Services'), ('books', 'journals'), ('Design', 'services'), ('page', 'composition'), ('turnaround', 'times'), ('authors', 'publishers'), ('Services', 'Artwork'), ('Services', 'Data'), ('Contact', 'Us'), ('editors', 'proofreaders'), ('Corel', 'Draw'), ('Adobe', 'Illustrator'), ('Photoshop', 'Adobe'), ('Adobe', 'Photoshop'), ('extensive', 'experience'), ('Services', 'We')]",126.92
16,https://www.exeterpremedia.com/wp-content/uploads/2019/06/john-benjamins-publishing-company.webp,N/A,True,False,['NULL'],['NULL'],13.01
17,http://www.exeterpremedia.com//services/#Editorial_Services,Exeter - Services,True,False,"['services', 'Services', 'We', 'publishers', 'Design', 'Our', 'content', 'authors', 'books', 'Exeters', 'Adobe', 'XML', 'Artwork', 'Data', 'US', 'illustrations', 'based', 'ensure', 'text']","[('Artwork', 'Design'), ('Project', 'Management'), ('Data', 'Services'), ('Editorial', 'Services'), ('books', 'journals'), ('Design', 'services'), ('page', 'composition'), ('turnaround', 'times'), ('authors', 'publishers'), ('Services', 'Artwork'), ('Services', 'Data'), ('Contact', 'Us'), ('editors', 'proofreaders'), ('Corel', 'Draw'), ('Adobe', 'Illustrator'), ('Photoshop', 'Adobe'), ('Adobe', 'Photoshop'), ('extensive', 'experience'), ('Services', 'We')]",126.92
18,https://www.linkedin.com/feed/hashtag/?keywords=%23Kriya,Sign Up | LinkedIn,False,True,"['LinkedIn', 'Chinese', 'Policy', 'Agree', 'Sign', 'TraditionalLanguage', 'Simplified正體中文', 'Turkish简体中文', 'TagalogTürkçe', 'ThaiTagalog', 'Swedishภาษาไทย', 'RussianSvenska', 'RomanianРусский', 'PortugueseRomână', 'PolishPortuguês', 'NorwegianPolski', 'DutchNorsk', 'MalayNederlands', 'Malaysia']","[('Chinese', 'TraditionalLanguage'), ('Simplified正體中文', 'Chinese'), ('Chinese', 'Simplified正體中文'), ('Turkish简体中文', 'Chinese'), ('TagalogTürkçe', 'Turkish简体中文'), ('ThaiTagalog', 'TagalogTürkçe'), ('Swedishภาษาไทย', 'ThaiTagalog'), ('RussianSvenska', 'Swedishภาษาไทย'), ('RomanianРусский', 'RussianSvenska'), ('PortugueseRomână', 'RomanianРусский'), ('PolishPortuguês', 'PortugueseRomână'), ('NorwegianPolski', 'PolishPortuguês'), ('DutchNorsk', 'NorwegianPolski'), ('MalayNederlands', 'DutchNorsk'), ('Malaysia', 'MalayNederlands'), ('KoreanBahasa', 'Malaysia'), ('Japanese한국어', 'KoreanBahasa'), ('Italian日本語', 'Japanese한국어'), ('IndonesiaItaliano', 'Italian日本語')]",24.38
19,https://www.exeterpremedia.com/2019/02/,February 2019 - Exeter,True,False,"['US', 'February', 'SERVICES', 'Us', 'us', 'About', '2019', 'India', 'Contact', 'pack', 'strength', 'MORE', 'READ', 'In', 'Sowmya', 'By', '0', 'careers', 'CONTACT']","[('Contact', 'Us'), ('READ', 'MORE'), ('Sowmya', 'In'), ('By', 'Sowmya'), ('US', 'careers'), ('CONTACT', 'US'), ('NEWS', 'CONTACT'), ('EVENTS', 'NEWS'), ('US', 'EVENTS'), ('ABOUT', 'US'), ('us', 'ABOUT'), ('About', 'us'), ('BLOG', 'About'), ('Resources', 'BLOG'), ('MANAGEMENT', 'Resources'), ('PROJECT', 'MANAGEMENT'), ('DESIGN', 'PROJECT'), ('ARTWORK', 'DESIGN'), ('SERVICES', 'ARTWORK')]",120.94
20,https://www.exeterpremedia.com/wp-content/uploads/2019/06/bolinda-publishing-llc.webp,N/A,True,False,['NULL'],['NULL'],4.68
21,https://www.linkedin.com/feed/hashtag/?keywords=%23ScholarlyPublishing,Sign Up | LinkedIn,False,True,"['LinkedIn', 'Chinese', 'Policy', 'Agree', 'Sign', 'TraditionalLanguage', 'Simplified正體中文', 'Turkish简体中文', 'TagalogTürkçe', 'ThaiTagalog', 'Swedishภาษาไทย', 'RussianSvenska', 'RomanianРусский', 'PortugueseRomână', 'PolishPortuguês', 'NorwegianPolski', 'DutchNorsk', 'MalayNederlands', 'Malaysia']","[('Chinese', 'TraditionalLanguage'), ('Simplified正體中文', 'Chinese'), ('Chinese', 'Simplified正體中文'), ('Turkish简体中文', 'Chinese'), ('TagalogTürkçe', 'Turkish简体中文'), ('ThaiTagalog', 'TagalogTürkçe'), ('Swedishภาษาไทย', 'ThaiTagalog'), ('RussianSvenska', 'Swedishภาษาไทย'), ('RomanianРусский', 'RussianSvenska'), ('PortugueseRomână', 'RomanianРусский'), ('PolishPortuguês', 'PortugueseRomână'), ('NorwegianPolski', 'PolishPortuguês'), ('DutchNorsk', 'NorwegianPolski'), ('MalayNederlands', 'DutchNorsk'), ('Malaysia', 'MalayNederlands'), ('KoreanBahasa', 'Malaysia'), ('Japanese한국어', 'KoreanBahasa'), ('Italian日本語', 'Japanese한국어'), ('IndonesiaItaliano', 'Italian日本語')]",24.42
22,https://www.exeterpremedia.com/wp-content/uploads/2019/06/bsi-group.webp,N/A,True,False,['NULL'],['NULL'],2.73
23,https://www.linkedin.com/feed/hashtag/?keywords=%23Markup,Sign Up | LinkedIn,False,True,"['LinkedIn', 'Chinese', 'Policy', 'Agree', 'Sign', 'TraditionalLanguage', 'Simplified正體中文', 'Turkish简体中文', 'TagalogTürkçe', 'ThaiTagalog', 'Swedishภาษาไทย', 'RussianSvenska', 'RomanianРусский', 'PortugueseRomână', 'PolishPortuguês', 'NorwegianPolski', 'DutchNorsk', 'MalayNederlands', 'Malaysia']","[('Chinese', 'TraditionalLanguage'), ('Simplified正體中文', 'Chinese'), ('Chinese', 'Simplified正體中文'), ('Turkish简体中文', 'Chinese'), ('TagalogTürkçe', 'Turkish简体中文'), ('ThaiTagalog', 'TagalogTürkçe'), ('Swedishภาษาไทย', 'ThaiTagalog'), ('RussianSvenska', 'Swedishภาษาไทย'), ('RomanianРусский', 'RussianSvenska'), ('PortugueseRomână', 'RomanianРусский'), ('PolishPortuguês', 'PortugueseRomână'), ('NorwegianPolski', 'PolishPortuguês'), ('DutchNorsk', 'NorwegianPolski'), ('MalayNederlands', 'DutchNorsk'), ('Malaysia', 'MalayNederlands'), ('KoreanBahasa', 'Malaysia'), ('Japanese한국어', 'KoreanBahasa'), ('Italian日本語', 'Japanese한국어'), ('IndonesiaItaliano', 'Italian日本語')]",24.35
24,https://www.exeterpremedia.com/contact-us/,Exeter - Contact Us,True,False,"['US', 'Us', 'SERVICES', 'India', 'Office', 'us', 'About', 'Contact', 'Nadu', 'Tamil', '600113', 'Chennai', 'Taramani', 'Road', 'CSIR', 'Pinnacle', 'Level1', 'Unit3', 'Park']","[('Contact', 'Us'), ('Nadu', 'India'), ('Tamil', 'Nadu'), ('600113', 'Tamil'), ('Chennai', '600113'), ('Taramani', 'Chennai'), ('Road', 'Taramani'), ('CSIR', 'Road'), ('Pinnacle', 'CSIR'), ('Level1', 'Pinnacle'), ('Unit3', 'Level1'), ('Park', 'Unit3'), ('Tech', 'Park'), ('International', 'Tech'), ('Ascendas', 'International'), ('Office', 'Ascendas'), ('Corporate', 'Office'), ('INDIA', 'Corporate'), ('Address', 'INDIA')]",104.94
25,https://www.exeterpremedia.com/wp-content/uploads/2019/06/walter-de-gruyter-gmbh-co.-kg.webp,N/A,True,False,['NULL'],['NULL'],4.04
26,https://www.exeterpremedia.com/news/,Exeter - News,True,False,"['Exeter', 'Kriya', 'Digital', 'India', 'Read', 'Premedia', 'More', 'Solutions', 'Ravi', '2018', 'US', 'Us', 'Services', 'publishers', 'He', 'CEO', 'SERVICES', 'right', 'authors']","[('Exeter', 'Premedia'), ('Read', 'More'), ('Solutions', 'India'), ('Digital', 'Solutions'), ('India', '2018'), ('CEO', 'Exeter'), ('Premedia', 'Services'), ('Kriya', 'Packager'), ('Venkataramani', 'CEO'), ('Ravi', 'Venkataramani'), ('Publishers', 'Weekly'), ('Contact', 'Us'), ('authors', 'publishers'), ('Digital', 'Momentum'), ('Relentless', 'Digital'), ('2018', 'Relentless'), ('featured', 'article'), ('More', 'Digital'), ('publishing', 'platform')]",127.27
27,https://www.exeterpremedia.com/wp-content/uploads/2019/06/brill.webp,N/A,True,False,['NULL'],['NULL'],9.96
28,https://www.linkedin.com/company/2081042/admin/,N/A,False,True,[],[],0.0
29,https://www.exeterpremedia.com/wp-content/uploads/2019/06/taylor-and-francis.webp,N/A,True,False,['NULL'],['NULL'],12.13
30,https://www.linkedin.com/feed/hashtag/?keywords=%23Books,Sign Up | LinkedIn,False,True,"['LinkedIn', 'Chinese', 'Policy', 'Agree', 'Sign', 'TraditionalLanguage', 'Simplified正體中文', 'Turkish简体中文', 'TagalogTürkçe', 'ThaiTagalog', 'Swedishภาษาไทย', 'RussianSvenska', 'RomanianРусский', 'PortugueseRomână', 'PolishPortuguês', 'NorwegianPolski', 'DutchNorsk', 'MalayNederlands', 'Malaysia']","[('Chinese', 'TraditionalLanguage'), ('Simplified正體中文', 'Chinese'), ('Chinese', 'Simplified正體中文'), ('Turkish简体中文', 'Chinese'), ('TagalogTürkçe', 'Turkish简体中文'), ('ThaiTagalog', 'TagalogTürkçe'), ('Swedishภาษาไทย', 'ThaiTagalog'), ('RussianSvenska', 'Swedishภาษาไทย'), ('RomanianРусский', 'RussianSvenska'), ('PortugueseRomână', 'RomanianРусский'), ('PolishPortuguês', 'PortugueseRomână'), ('NorwegianPolski', 'PolishPortuguês'), ('DutchNorsk', 'NorwegianPolski'), ('MalayNederlands', 'DutchNorsk'), ('Malaysia', 'MalayNederlands'), ('KoreanBahasa', 'Malaysia'), ('Japanese한국어', 'KoreanBahasa'), ('Italian日本語', 'Japanese한국어'), ('IndonesiaItaliano', 'Italian日本語')]",24.38
31,http://www.exeterpremedia.com//services/#Project_Management,Exeter - Services,True,False,"['services', 'Services', 'We', 'publishers', 'Design', 'Our', 'content', 'authors', 'books', 'Exeters', 'Adobe', 'XML', 'Artwork', 'Data', 'US', 'illustrations', 'based', 'ensure', 'text']","[('Artwork', 'Design'), ('Project', 'Management'), ('Data', 'Services'), ('Editorial', 'Services'), ('books', 'journals'), ('Design', 'services'), ('page', 'composition'), ('turnaround', 'times'), ('authors', 'publishers'), ('Services', 'Artwork'), ('Services', 'Data'), ('Contact', 'Us'), ('editors', 'proofreaders'), ('Corel', 'Draw'), ('Adobe', 'Illustrator'), ('Photoshop', 'Adobe'), ('Adobe', 'Photoshop'), ('extensive', 'experience'), ('Services', 'We')]",126.92
32,https://www.exeterpremedia.com/wp-content/uploads/2019/06/stylus-publishing-llc.webp,N/A,True,False,['NULL'],['NULL'],8.55
33,https://www.linkedin.com/feed/hashtag/?keywords=%23Epublishing,Sign Up | LinkedIn,False,True,"['LinkedIn', 'Chinese', 'Policy', 'Agree', 'Sign', 'TraditionalLanguage', 'Simplified正體中文', 'Turkish简体中文', 'TagalogTürkçe', 'ThaiTagalog', 'Swedishภาษาไทย', 'RussianSvenska', 'RomanianРусский', 'PortugueseRomână', 'PolishPortuguês', 'NorwegianPolski', 'DutchNorsk', 'MalayNederlands', 'Malaysia']","[('Chinese', 'TraditionalLanguage'), ('Simplified正體中文', 'Chinese'), ('Chinese', 'Simplified正體中文'), ('Turkish简体中文', 'Chinese'), ('TagalogTürkçe', 'Turkish简体中文'), ('ThaiTagalog', 'TagalogTürkçe'), ('Swedishภาษาไทย', 'ThaiTagalog'), ('RussianSvenska', 'Swedishภาษาไทย'), ('RomanianРусский', 'RussianSvenska'), ('PortugueseRomână', 'RomanianРусский'), ('PolishPortuguês', 'PortugueseRomână'), ('NorwegianPolski', 'PolishPortuguês'), ('DutchNorsk', 'NorwegianPolski'), ('MalayNederlands', 'DutchNorsk'), ('Malaysia', 'MalayNederlands'), ('KoreanBahasa', 'Malaysia'), ('Japanese한국어', 'KoreanBahasa'), ('Italian日本語', 'Japanese한국어'), ('IndonesiaItaliano', 'Italian日本語')]",24.41
34,https://www.exeterpremedia.com/exeter-privacy-policy/,Exeter - Privacy Policy - Exeter,True,False,"['information', 'Information', 'may', 'We', 'Personal', 'us', 'Products', 'Policy', 'Privacy', 'use', 'services', 'If', 'provide', 'website', 'third', 'products', 'Our', 'service', 'cookies']","[('Personal', 'Information'), ('Privacy', 'Policy'), ('We', 'may'), ('products', 'services'), ('third', 'party'), ('may', 'share'), ('Information', 'We'), ('websites', 'products'), ('us', 'supportexeterpremediacom'), ('contact', 'us'), ('share', 'disclose'), ('Information', 'Shared'), ('We', 'May'), ('use', 'Products'), ('Contact', 'Us'), ('children', '13'), ('delete', 'information'), ('please', 'contact'), ('policies', 'websites')]",119.27
35,http://twitter.com//statuses/,N/A,False,True,"['shot', 'another', 'give', 'lets', 'fret', 'dont', 'wrong', 'went', 'Something', 'Yes', 'Twitter', 'legacy', 'proceed', 'like', 'Would', 'browser', 'disabled', 'JavaScript', 'detected']","[('another', 'shot'), ('give', 'another'), ('lets', 'give'), ('fret', 'lets'), ('dont', 'fret'), ('wrong', 'dont'), ('went', 'wrong'), ('Something', 'went'), ('Yes', 'Something'), ('Twitter', 'Yes'), ('legacy', 'Twitter'), ('proceed', 'legacy'), ('like', 'proceed'), ('Would', 'like'), ('browser', 'Would'), ('disabled', 'browser'), ('JavaScript', 'disabled'), ('detected', 'JavaScript'), ('Weve', 'detected')]",41.71
36,https://www.exeterpremedia.com/wp-content/uploads/2019/06/summer-game-books.webp,N/A,True,False,['NULL'],['NULL'],15.25
37,https://www.exeterpremedia.com/wp-content/uploads/2019/06/royal-college-of-general-practitioners.webp,N/A,True,False,['NULL'],['NULL'],15.99
38,https://www.linkedin.com/company/exeter-premedia-services,N/A,False,True,[],[],0.0
39,https://www.exeterpremedia.com/wp-content/uploads/2019/06/british-institute-of-radiology.webp,N/A,True,False,['NULL'],['NULL'],8.21
40,https://www.linkedin.com/feed/hashtag/?keywords=%23Acmsvce,Sign Up | LinkedIn,False,True,"['LinkedIn', 'Chinese', 'Policy', 'Agree', 'Sign', 'TraditionalLanguage', 'Simplified正體中文', 'Turkish简体中文', 'TagalogTürkçe', 'ThaiTagalog', 'Swedishภาษาไทย', 'RussianSvenska', 'RomanianРусский', 'PortugueseRomână', 'PolishPortuguês', 'NorwegianPolski', 'DutchNorsk', 'MalayNederlands', 'Malaysia']","[('Chinese', 'TraditionalLanguage'), ('Simplified正體中文', 'Chinese'), ('Chinese', 'Simplified正體中文'), ('Turkish简体中文', 'Chinese'), ('TagalogTürkçe', 'Turkish简体中文'), ('ThaiTagalog', 'TagalogTürkçe'), ('Swedishภาษาไทย', 'ThaiTagalog'), ('RussianSvenska', 'Swedishภาษาไทย'), ('RomanianРусский', 'RussianSvenska'), ('PortugueseRomână', 'RomanianРусский'), ('PolishPortuguês', 'PortugueseRomână'), ('NorwegianPolski', 'PolishPortuguês'), ('DutchNorsk', 'NorwegianPolski'), ('MalayNederlands', 'DutchNorsk'), ('Malaysia', 'MalayNederlands'), ('KoreanBahasa', 'Malaysia'), ('Japanese한국어', 'KoreanBahasa'), ('Italian日本語', 'Japanese한국어'), ('IndonesiaItaliano', 'Italian日本語')]",24.36
41,https://twitter.com/Exeter_Premedia,N/A,False,True,"['shot', 'another', 'give', 'lets', 'fret', 'dont', 'wrong', 'went', 'Something', 'Yes', 'Twitter', 'legacy', 'proceed', 'like', 'Would', 'browser', 'disabled', 'JavaScript', 'detected']","[('another', 'shot'), ('give', 'another'), ('lets', 'give'), ('fret', 'lets'), ('dont', 'fret'), ('wrong', 'dont'), ('went', 'wrong'), ('Something', 'went'), ('Yes', 'Something'), ('Twitter', 'Yes'), ('legacy', 'Twitter'), ('proceed', 'legacy'), ('like', 'proceed'), ('Would', 'like'), ('browser', 'Would'), ('disabled', 'browser'), ('JavaScript', 'disabled'), ('detected', 'JavaScript'), ('Weve', 'detected')]",42.43
42,https://www.linkedin.com/feed/hashtag/?keywords=%23AutomationPlatform,Sign Up | LinkedIn,False,True,"['LinkedIn', 'Chinese', 'Policy', 'Agree', 'Sign', 'TraditionalLanguage', 'Simplified正體中文', 'Turkish简体中文', 'TagalogTürkçe', 'ThaiTagalog', 'Swedishภาษาไทย', 'RussianSvenska', 'RomanianРусский', 'PortugueseRomână', 'PolishPortuguês', 'NorwegianPolski', 'DutchNorsk', 'MalayNederlands', 'Malaysia']","[('Chinese', 'TraditionalLanguage'), ('Simplified正體中文', 'Chinese'), ('Chinese', 'Simplified正體中文'), ('Turkish简体中文', 'Chinese'), ('TagalogTürkçe', 'Turkish简体中文'), ('ThaiTagalog', 'TagalogTürkçe'), ('Swedishภาษาไทย', 'ThaiTagalog'), ('RussianSvenska', 'Swedishภาษาไทย'), ('RomanianРусский', 'RussianSvenska'), ('PortugueseRomână', 'RomanianРусский'), ('PolishPortuguês', 'PortugueseRomână'), ('NorwegianPolski', 'PolishPortuguês'), ('DutchNorsk', 'NorwegianPolski'), ('MalayNederlands', 'DutchNorsk'), ('Malaysia', 'MalayNederlands'), ('KoreanBahasa', 'Malaysia'), ('Japanese한국어', 'KoreanBahasa'), ('Italian日本語', 'Japanese한국어'), ('IndonesiaItaliano', 'Italian日本語')]",24.45
43,https://www.exeterpremedia.com/services/#Data_Services,Exeter - Services,True,False,"['services', 'Services', 'We', 'publishers', 'Design', 'Our', 'content', 'authors', 'books', 'Exeters', 'Adobe', 'XML', 'Artwork', 'Data', 'US', 'illustrations', 'based', 'ensure', 'text']","[('Artwork', 'Design'), ('Project', 'Management'), ('Data', 'Services'), ('Editorial', 'Services'), ('books', 'journals'), ('Design', 'services'), ('page', 'composition'), ('turnaround', 'times'), ('authors', 'publishers'), ('Services', 'Artwork'), ('Services', 'Data'), ('Contact', 'Us'), ('editors', 'proofreaders'), ('Corel', 'Draw'), ('Adobe', 'Illustrator'), ('Photoshop', 'Adobe'), ('Adobe', 'Photoshop'), ('extensive', 'experience'), ('Services', 'We')]",126.92
44,https://www.linkedin.com/company/markup-uk/,N/A,False,True,[],[],0.0
45,https://www.exeterpremedia.com/blog/,Exeter - Blog,True,False,"['More', 'Read', '2019', 'US', '2017', 'The', 'SERVICES', 'Us', 'April', 'February', '26', 'us', 'About', 'India', 'Contact', '2016', '2018', 'August', 'November']","[('Read', 'More'), ('Contact', 'Us'), ('1', '2'), ('26', '2017The'), ('More', '17'), ('US', 'careers'), ('CONTACT', 'US'), ('NEWS', 'CONTACT'), ('EVENTS', 'NEWS'), ('US', 'EVENTS'), ('ABOUT', 'US'), ('us', 'ABOUT'), ('About', 'us'), ('BLOG', 'About'), ('Resources', 'BLOG'), ('MANAGEMENT', 'Resources'), ('PROJECT', 'MANAGEMENT'), ('DESIGN', 'PROJECT'), ('ARTWORK', 'DESIGN')]",114.12
46,https://www.linkedin.com/in/ravi-venkataramani-8558534/,N/A,False,True,[],[],0.0
47,https://www.exeterpremedia.com/wp-content/uploads/2019/06/the-british-editorial-society-of-bone-joint-surgery.webp,N/A,True,False,['NULL'],['NULL'],11.12
48,https://www.exeterpremedia.com/wp-content/uploads/2019/06/bmj-group.webp,N/A,True,False,['NULL'],['NULL'],3.33
49,https://www.exeterpremedia.com/wp-content/uploads/2019/06/atma-global-inc.webp,N/A,True,False,['NULL'],['NULL'],8.09
50,https://www.exeterpremedia.com/about-us/,Exeter - All about authors and publishers,True,False,"['publishing', 'technology', 'experience', 'We', 'US', 'authors', 'manages', 'content', 'clients', 'us', 'SERVICES', 'publishers', 'Exeter', 'Us', 'product', 'Officer', 'Chief', 'He', 'Venkataramani']","[('Contact', 'Us'), ('many', 'successful'), ('technology', 'innovation'), ('across', 'geographies'), ('Happy', 'Authors'), ('publishing', 'platform'), ('experience', 'authors'), ('fantastic', 'experience'), ('publishing', 'industry'), ('US', 'careers'), ('CONTACT', 'US'), ('NEWS', 'CONTACT'), ('EVENTS', 'NEWS'), ('US', 'EVENTS'), ('ABOUT', 'US'), ('us', 'ABOUT'), ('About', 'us'), ('BLOG', 'About'), ('Resources', 'BLOG')]",115.18
51,https://www.exeterpremedia.com/why-do-i-need-another-id/,Why do I need another ID? - Exeter,True,False,"['ID', 'another', 'need', 'I', 'US', 'Why', 'researcher', 'people', 'The', 'SERVICES', 'Exeter', 'Us', 'ORCID', 'work', 'names', 'research', 'Blog', 'us', 'About']","[('need', 'another'), ('I', 'need'), ('Why', 'I'), ('another', 'ID'), ('Contact', 'Us'), ('ID', 'uniquely'), ('world', 'ID'), ('Exeter', 'Blog'), ('Ravi', 'Venkataramani'), ('US', 'careers'), ('CONTACT', 'US'), ('NEWS', 'CONTACT'), ('EVENTS', 'NEWS'), ('US', 'EVENTS'), ('ABOUT', 'US'), ('us', 'ABOUT'), ('About', 'us'), ('BLOG', 'About'), ('Resources', 'BLOG')]",122.96
52,https://www.linkedin.com/in/augustine-k/,N/A,False,True,[],[],0.0
53,https://www.linkedin.com/feed/hashtag/?keywords=%23HappyAuthors,Sign Up | LinkedIn,False,True,"['LinkedIn', 'Chinese', 'Policy', 'Agree', 'Sign', 'TraditionalLanguage', 'Simplified正體中文', 'Turkish简体中文', 'TagalogTürkçe', 'ThaiTagalog', 'Swedishภาษาไทย', 'RussianSvenska', 'RomanianРусский', 'PortugueseRomână', 'PolishPortuguês', 'NorwegianPolski', 'DutchNorsk', 'MalayNederlands', 'Malaysia']","[('Chinese', 'TraditionalLanguage'), ('Simplified正體中文', 'Chinese'), ('Chinese', 'Simplified正體中文'), ('Turkish简体中文', 'Chinese'), ('TagalogTürkçe', 'Turkish简体中文'), ('ThaiTagalog', 'TagalogTürkçe'), ('Swedishภาษาไทย', 'ThaiTagalog'), ('RussianSvenska', 'Swedishภาษาไทย'), ('RomanianРусский', 'RussianSvenska'), ('PortugueseRomână', 'RomanianРусский'), ('PolishPortuguês', 'PortugueseRomână'), ('NorwegianPolski', 'PolishPortuguês'), ('DutchNorsk', 'NorwegianPolski'), ('MalayNederlands', 'DutchNorsk'), ('Malaysia', 'MalayNederlands'), ('KoreanBahasa', 'Malaysia'), ('Japanese한국어', 'KoreanBahasa'), ('Italian日本語', 'Japanese한국어'), ('IndonesiaItaliano', 'Italian日本語')]",24.41
54,https://www.exeterpremedia.com/wp-content/uploads/2019/06/journal-of-royal-medical-service.webp,N/A,True,False,['NULL'],['NULL'],17.68
55,https://www.exeterpremedia.com/the-death-of-the-pdf/,The Death of the PDF? - Exeter,True,False,"['PDF', 'The', 'It', 'world', 'access', 'final', 'US', 'Death', 'book', 'author', 'publishing', 'format', 'SERVICES', 'Exeter', 'Us', 'I', 'content', 'allows', 'advancements']","[('The', 'Death'), ('Death', 'PDF'), ('Contact', 'Us'), ('get', 'back'), ('access', 'content'), ('It', 'also'), ('reading', 'experience'), ('mobile', 'device'), ('printed', 'book'), ('arrival', 'PDF'), ('Exeter', 'Blog'), ('Ravi', 'Venkataramani'), ('US', 'careers'), ('CONTACT', 'US'), ('NEWS', 'CONTACT'), ('EVENTS', 'NEWS'), ('US', 'EVENTS'), ('ABOUT', 'US'), ('us', 'ABOUT')]",123.37
56,https://www.exeterpremedia.com/events/,Exeter - Events,True,False,"['2019', 'US', '2018', 'UK', 'SERVICES', 'Us', 'London', 'us', 'About', 'India', 'Contact', 'April', '1214', 'May', '79', 'June', 'Frankfurt', 'careers', 'CONTACT']","[('London', 'UK'), ('Contact', 'Us'), ('US', 'April'), ('2019', 'London'), ('79', '2019'), ('US', 'careers'), ('CONTACT', 'US'), ('NEWS', 'CONTACT'), ('EVENTS', 'NEWS'), ('US', 'EVENTS'), ('ABOUT', 'US'), ('us', 'ABOUT'), ('About', 'us'), ('BLOG', 'About'), ('Resources', 'BLOG'), ('MANAGEMENT', 'Resources'), ('PROJECT', 'MANAGEMENT'), ('DESIGN', 'PROJECT'), ('ARTWORK', 'DESIGN')]",114.79
57,https://www.linkedin.com/feed/hashtag/?keywords=%23DigitalSolution,Sign Up | LinkedIn,False,True,"['LinkedIn', 'Chinese', 'Policy', 'Agree', 'Sign', 'TraditionalLanguage', 'Simplified正體中文', 'Turkish简体中文', 'TagalogTürkçe', 'ThaiTagalog', 'Swedishภาษาไทย', 'RussianSvenska', 'RomanianРусский', 'PortugueseRomână', 'PolishPortuguês', 'NorwegianPolski', 'DutchNorsk', 'MalayNederlands', 'Malaysia']","[('Chinese', 'TraditionalLanguage'), ('Simplified正體中文', 'Chinese'), ('Chinese', 'Simplified正體中文'), ('Turkish简体中文', 'Chinese'), ('TagalogTürkçe', 'Turkish简体中文'), ('ThaiTagalog', 'TagalogTürkçe'), ('Swedishภาษาไทย', 'ThaiTagalog'), ('RussianSvenska', 'Swedishภาษาไทย'), ('RomanianРусский', 'RussianSvenska'), ('PortugueseRomână', 'RomanianРусский'), ('PolishPortuguês', 'PortugueseRomână'), ('NorwegianPolski', 'PolishPortuguês'), ('DutchNorsk', 'NorwegianPolski'), ('MalayNederlands', 'DutchNorsk'), ('Malaysia', 'MalayNederlands'), ('KoreanBahasa', 'Malaysia'), ('Japanese한국어', 'KoreanBahasa'), ('Italian日本語', 'Japanese한국어'), ('IndonesiaItaliano', 'Italian日本語')]",24.49
58,https://www.linkedin.com/feed/hashtag/?keywords=%23AcademicPublishing,Sign Up | LinkedIn,False,True,"['LinkedIn', 'Chinese', 'Policy', 'Agree', 'Sign', 'TraditionalLanguage', 'Simplified正體中文', 'Turkish简体中文', 'TagalogTürkçe', 'ThaiTagalog', 'Swedishภาษาไทย', 'RussianSvenska', 'RomanianРусский', 'PortugueseRomână', 'PolishPortuguês', 'NorwegianPolski', 'DutchNorsk', 'MalayNederlands', 'Malaysia']","[('Chinese', 'TraditionalLanguage'), ('Simplified正體中文', 'Chinese'), ('Chinese', 'Simplified正體中文'), ('Turkish简体中文', 'Chinese'), ('TagalogTürkçe', 'Turkish简体中文'), ('ThaiTagalog', 'TagalogTürkçe'), ('Swedishภาษาไทย', 'ThaiTagalog'), ('RussianSvenska', 'Swedishภาษาไทย'), ('RomanianРусский', 'RussianSvenska'), ('PortugueseRomână', 'RomanianРусский'), ('PolishPortuguês', 'PortugueseRomână'), ('NorwegianPolski', 'PolishPortuguês'), ('DutchNorsk', 'NorwegianPolski'), ('MalayNederlands', 'DutchNorsk'), ('Malaysia', 'MalayNederlands'), ('KoreanBahasa', 'Malaysia'), ('Japanese한국어', 'KoreanBahasa'), ('Italian日本語', 'Japanese한국어'), ('IndonesiaItaliano', 'Italian日本語')]",24.44
59,https://www.linkedin.com/feed/hashtag/?keywords=%23Exeter,Sign Up | LinkedIn,False,True,"['LinkedIn', 'Chinese', 'Policy', 'Agree', 'Sign', 'TraditionalLanguage', 'Simplified正體中文', 'Turkish简体中文', 'TagalogTürkçe', 'ThaiTagalog', 'Swedishภาษาไทย', 'RussianSvenska', 'RomanianРусский', 'PortugueseRomână', 'PolishPortuguês', 'NorwegianPolski', 'DutchNorsk', 'MalayNederlands', 'Malaysia']","[('Chinese', 'TraditionalLanguage'), ('Simplified正體中文', 'Chinese'), ('Chinese', 'Simplified正體中文'), ('Turkish简体中文', 'Chinese'), ('TagalogTürkçe', 'Turkish简体中文'), ('ThaiTagalog', 'TagalogTürkçe'), ('Swedishภาษาไทย', 'ThaiTagalog'), ('RussianSvenska', 'Swedishภาษาไทย'), ('RomanianРусский', 'RussianSvenska'), ('PortugueseRomână', 'RomanianРусский'), ('PolishPortuguês', 'PortugueseRomână'), ('NorwegianPolski', 'PolishPortuguês'), ('DutchNorsk', 'NorwegianPolski'), ('MalayNederlands', 'DutchNorsk'), ('Malaysia', 'MalayNederlands'), ('KoreanBahasa', 'Malaysia'), ('Japanese한국어', 'KoreanBahasa'), ('Italian日本語', 'Japanese한국어'), ('IndonesiaItaliano', 'Italian日本語')]",24.36
60,https://www.exeterpremedia.com/wp-content/uploads/2019/06/sage-publishing.webp,N/A,True,False,['NULL'],['NULL'],11.62
61,https://www.linkedin.com/feed/hashtag/?keywords=%23Fbf19,Sign Up | LinkedIn,False,True,"['LinkedIn', 'Chinese', 'Policy', 'Agree', 'Sign', 'TraditionalLanguage', 'Simplified正體中文', 'Turkish简体中文', 'TagalogTürkçe', 'ThaiTagalog', 'Swedishภาษาไทย', 'RussianSvenska', 'RomanianРусский', 'PortugueseRomână', 'PolishPortuguês', 'NorwegianPolski', 'DutchNorsk', 'MalayNederlands', 'Malaysia']","[('Chinese', 'TraditionalLanguage'), ('Simplified正體中文', 'Chinese'), ('Chinese', 'Simplified正體中文'), ('Turkish简体中文', 'Chinese'), ('TagalogTürkçe', 'Turkish简体中文'), ('ThaiTagalog', 'TagalogTürkçe'), ('Swedishภาษาไทย', 'ThaiTagalog'), ('RussianSvenska', 'Swedishภาษาไทย'), ('RomanianРусский', 'RussianSvenska'), ('PortugueseRomână', 'RomanianРусский'), ('PolishPortuguês', 'PortugueseRomână'), ('NorwegianPolski', 'PolishPortuguês'), ('DutchNorsk', 'NorwegianPolski'), ('MalayNederlands', 'DutchNorsk'), ('Malaysia', 'MalayNederlands'), ('KoreanBahasa', 'Malaysia'), ('Japanese한국어', 'KoreanBahasa'), ('Italian日本語', 'Japanese한국어'), ('IndonesiaItaliano', 'Italian日本語')]",24.47
62,https://www.exeterpremedia.com,Exeter - Happy Authors and Delighted Publishers,True,False,"['Exeter', 'Premedia', 'Service', 'Kriya', 'us', 'Happy', 'US', 'Us', 'HappyAuthors', 'ExeterPremedia', 'More', 'SERVICES', 'Authors', 'Contact', 'UK', 'India', 'employees', '2019', 'Services']","[('Exeter', 'Premedia'), ('Service', 'Exeter'), ('Premedia', 'Service'), ('Kriya', 'HappyAuthors'), ('Happy', 'Authors'), ('Contact', 'Us'), ('Premedia', 'Exeter'), ('Markup', 'UK'), ('Independence', 'Day'), ('ExeterPremedia', 'Kriya'), ('Exeter', 'Kriya'), ('ExeterPremedia', 'Exeter'), ('2018Read', 'More'), ('Kriya', 'cloudbased'), ('US', 'careers'), ('CONTACT', 'US'), ('NEWS', 'CONTACT'), ('EVENTS', 'NEWS'), ('US', 'EVENTS')]",157.7
63,https://www.exeterpremedia.com/services/,Exeter - Services,True,False,"['services', 'Services', 'We', 'publishers', 'Design', 'Our', 'content', 'authors', 'books', 'Exeters', 'Adobe', 'XML', 'Artwork', 'Data', 'US', 'illustrations', 'based', 'ensure', 'text']","[('Artwork', 'Design'), ('Project', 'Management'), ('Data', 'Services'), ('Editorial', 'Services'), ('books', 'journals'), ('Design', 'services'), ('page', 'composition'), ('turnaround', 'times'), ('authors', 'publishers'), ('Services', 'Artwork'), ('Services', 'Data'), ('Contact', 'Us'), ('editors', 'proofreaders'), ('Corel', 'Draw'), ('Adobe', 'Illustrator'), ('Photoshop', 'Adobe'), ('Adobe', 'Photoshop'), ('extensive', 'experience'), ('Services', 'We')]",126.92
64,https://www.linkedin.com/feed/hashtag/?keywords=%23MarkupUK2019,Sign Up | LinkedIn,False,True,"['LinkedIn', 'Chinese', 'Policy', 'Agree', 'Sign', 'TraditionalLanguage', 'Simplified正體中文', 'Turkish简体中文', 'TagalogTürkçe', 'ThaiTagalog', 'Swedishภาษาไทย', 'RussianSvenska', 'RomanianРусский', 'PortugueseRomână', 'PolishPortuguês', 'NorwegianPolski', 'DutchNorsk', 'MalayNederlands', 'Malaysia']","[('Chinese', 'TraditionalLanguage'), ('Simplified正體中文', 'Chinese'), ('Chinese', 'Simplified正體中文'), ('Turkish简体中文', 'Chinese'), ('TagalogTürkçe', 'Turkish简体中文'), ('ThaiTagalog', 'TagalogTürkçe'), ('Swedishภาษาไทย', 'ThaiTagalog'), ('RussianSvenska', 'Swedishภาษาไทย'), ('RomanianРусский', 'RussianSvenska'), ('PortugueseRomână', 'RomanianРусский'), ('PolishPortuguês', 'PortugueseRomână'), ('NorwegianPolski', 'PolishPortuguês'), ('DutchNorsk', 'NorwegianPolski'), ('MalayNederlands', 'DutchNorsk'), ('Malaysia', 'MalayNederlands'), ('KoreanBahasa', 'Malaysia'), ('Japanese한국어', 'KoreanBahasa'), ('Italian日本語', 'Japanese한국어'), ('IndonesiaItaliano', 'Italian日本語')]",24.38
65,https://www.linkedin.com/feed/hashtag/?keywords=%23SVCE,Sign Up | LinkedIn,False,True,"['LinkedIn', 'Chinese', 'Policy', 'Agree', 'Sign', 'TraditionalLanguage', 'Simplified正體中文', 'Turkish简体中文', 'TagalogTürkçe', 'ThaiTagalog', 'Swedishภาษาไทย', 'RussianSvenska', 'RomanianРусский', 'PortugueseRomână', 'PolishPortuguês', 'NorwegianPolski', 'DutchNorsk', 'MalayNederlands', 'Malaysia']","[('Chinese', 'TraditionalLanguage'), ('Simplified正體中文', 'Chinese'), ('Chinese', 'Simplified正體中文'), ('Turkish简体中文', 'Chinese'), ('TagalogTürkçe', 'Turkish简体中文'), ('ThaiTagalog', 'TagalogTürkçe'), ('Swedishภาษาไทย', 'ThaiTagalog'), ('RussianSvenska', 'Swedishภาษาไทย'), ('RomanianРусский', 'RussianSvenska'), ('PortugueseRomână', 'RomanianРусский'), ('PolishPortuguês', 'PortugueseRomână'), ('NorwegianPolski', 'PolishPortuguês'), ('DutchNorsk', 'NorwegianPolski'), ('MalayNederlands', 'DutchNorsk'), ('Malaysia', 'MalayNederlands'), ('KoreanBahasa', 'Malaysia'), ('Japanese한국어', 'KoreanBahasa'), ('Italian日本語', 'Japanese한국어'), ('IndonesiaItaliano', 'Italian日本語')]",24.34
66,https://www.linkedin.com/feed/hashtag/?keywords=%23FrankfurtBookFair2019,Sign Up | LinkedIn,False,True,"['LinkedIn', 'Chinese', 'Policy', 'Agree', 'Sign', 'TraditionalLanguage', 'Simplified正體中文', 'Turkish简体中文', 'TagalogTürkçe', 'ThaiTagalog', 'Swedishภาษาไทย', 'RussianSvenska', 'RomanianРусский', 'PortugueseRomână', 'PolishPortuguês', 'NorwegianPolski', 'DutchNorsk', 'MalayNederlands', 'Malaysia']","[('Chinese', 'TraditionalLanguage'), ('Simplified正體中文', 'Chinese'), ('Chinese', 'Simplified正體中文'), ('Turkish简体中文', 'Chinese'), ('TagalogTürkçe', 'Turkish简体中文'), ('ThaiTagalog', 'TagalogTürkçe'), ('Swedishภาษาไทย', 'ThaiTagalog'), ('RussianSvenska', 'Swedishภาษาไทย'), ('RomanianРусский', 'RussianSvenska'), ('PortugueseRomână', 'RomanianРусский'), ('PolishPortuguês', 'PortugueseRomână'), ('NorwegianPolski', 'PolishPortuguês'), ('DutchNorsk', 'NorwegianPolski'), ('MalayNederlands', 'DutchNorsk'), ('Malaysia', 'MalayNederlands'), ('KoreanBahasa', 'Malaysia'), ('Japanese한국어', 'KoreanBahasa'), ('Italian日本語', 'Japanese한국어'), ('IndonesiaItaliano', 'Italian日本語')]",24.55
67,https://www.linkedin.com/in/parivalavan-manoharan/,N/A,False,True,[],[],0.0
68,https://www.exeterpremedia.com/wp-content/uploads/2019/06/paths-international.webp,N/A,True,False,['NULL'],['NULL'],7.16
69,https://www.exeterpremedia.com/services/#Artwork,Exeter - Services,True,False,"['services', 'Services', 'We', 'publishers', 'Design', 'Our', 'content', 'authors', 'books', 'Exeters', 'Adobe', 'XML', 'Artwork', 'Data', 'US', 'illustrations', 'based', 'ensure', 'text']","[('Artwork', 'Design'), ('Project', 'Management'), ('Data', 'Services'), ('Editorial', 'Services'), ('books', 'journals'), ('Design', 'services'), ('page', 'composition'), ('turnaround', 'times'), ('authors', 'publishers'), ('Services', 'Artwork'), ('Services', 'Data'), ('Contact', 'Us'), ('editors', 'proofreaders'), ('Corel', 'Draw'), ('Adobe', 'Illustrator'), ('Photoshop', 'Adobe'), ('Adobe', 'Photoshop'), ('extensive', 'experience'), ('Services', 'We')]",126.92
70,https://www.exeterpremedia.com/services/#Editorial_Services,Exeter - Services,True,False,"['services', 'Services', 'We', 'publishers', 'Design', 'Our', 'content', 'authors', 'books', 'Exeters', 'Adobe', 'XML', 'Artwork', 'Data', 'US', 'illustrations', 'based', 'ensure', 'text']","[('Artwork', 'Design'), ('Project', 'Management'), ('Data', 'Services'), ('Editorial', 'Services'), ('books', 'journals'), ('Design', 'services'), ('page', 'composition'), ('turnaround', 'times'), ('authors', 'publishers'), ('Services', 'Artwork'), ('Services', 'Data'), ('Contact', 'Us'), ('editors', 'proofreaders'), ('Corel', 'Draw'), ('Adobe', 'Illustrator'), ('Photoshop', 'Adobe'), ('Adobe', 'Photoshop'), ('extensive', 'experience'), ('Services', 'We')]",126.92
71,https://www.exeterpremedia.com/2018/02/,February 2018 - Exeter,True,False,"['US', 'SERVICES', 'February', 'Us', 'us', 'About', 'India', 'Contact', 'careers', 'CONTACT', 'NEWS', 'EVENTS', 'ABOUT', 'BLOG', 'Resources', 'MANAGEMENT', 'PROJECT', 'DESIGN', 'ARTWORK']","[('Contact', 'Us'), ('US', 'careers'), ('CONTACT', 'US'), ('NEWS', 'CONTACT'), ('EVENTS', 'NEWS'), ('US', 'EVENTS'), ('ABOUT', 'US'), ('us', 'ABOUT'), ('About', 'us'), ('BLOG', 'About'), ('Resources', 'BLOG'), ('MANAGEMENT', 'Resources'), ('PROJECT', 'MANAGEMENT'), ('DESIGN', 'PROJECT'), ('ARTWORK', 'DESIGN'), ('SERVICES', 'ARTWORK'), ('DATA', 'SERVICES'), ('SERVICES', 'DATA'), ('EDITORIAL', 'SERVICES')]",110.14
72,https://www.facebook.com/exeterpremediaservices,"Exeter Premedia - வணிக மையம் - சென்னை, இந்தியா | Facebook - 59 படங்கள்",False,True,"['AI', 'technology', 'Replace', 'Exeter', 'huge', 'cuttingedge', 'doubt', 'Theres', 'face', 'humans', 'threat', 'legitimate', 'jobs', 'taking', 'booming', 'keeps', 'new', 'As', 'Ambassador']","[('AI', 'Replace'), ('technology', 'huge'), ('cuttingedge', 'technology'), ('doubt', 'cuttingedge'), ('Theres', 'doubt'), ('face', 'Theres'), ('humans', 'face'), ('threat', 'humans'), ('legitimate', 'threat'), ('jobs', 'legitimate'), ('taking', 'jobs'), ('AI', 'taking'), ('booming', 'AI'), ('keeps', 'booming'), ('technology', 'keeps'), ('new', 'technology'), ('As', 'new'), ('Ambassador', 'As'), ('Buzz', 'Ambassador')]",586.28
73,https://www.exeterpremedia.com/client/,Client - Exeter,True,False,"['US', 'SERVICES', 'Us', 'us', 'About', 'India', 'Contact', 'USA', 'UK', 'careers', 'CONTACT', 'NEWS', 'EVENTS', 'ABOUT', 'BLOG', 'Resources', 'MANAGEMENT', 'PROJECT', 'DESIGN']","[('Contact', 'Us'), ('US', 'careers'), ('CONTACT', 'US'), ('NEWS', 'CONTACT'), ('EVENTS', 'NEWS'), ('US', 'EVENTS'), ('ABOUT', 'US'), ('us', 'ABOUT'), ('About', 'us'), ('BLOG', 'About'), ('Resources', 'BLOG'), ('MANAGEMENT', 'Resources'), ('PROJECT', 'MANAGEMENT'), ('DESIGN', 'PROJECT'), ('ARTWORK', 'DESIGN'), ('SERVICES', 'ARTWORK'), ('DATA', 'SERVICES'), ('SERVICES', 'DATA'), ('EDITORIAL', 'SERVICES')]",123.23
74,https://www.exeterpremedia.com/wp-content/uploads/2019/06/royal-college-of-surgeons.webp,N/A,True,False,['NULL'],['NULL'],17.58
75,https://www.linkedin.com/feed/hashtag/?keywords=%23PublishingServices,Sign Up | LinkedIn,False,True,"['LinkedIn', 'Chinese', 'Policy', 'Agree', 'Sign', 'TraditionalLanguage', 'Simplified正體中文', 'Turkish简体中文', 'TagalogTürkçe', 'ThaiTagalog', 'Swedishภาษาไทย', 'RussianSvenska', 'RomanianРусский', 'PortugueseRomână', 'PolishPortuguês', 'NorwegianPolski', 'DutchNorsk', 'MalayNederlands', 'Malaysia']","[('Chinese', 'TraditionalLanguage'), ('Simplified正體中文', 'Chinese'), ('Chinese', 'Simplified正體中文'), ('Turkish简体中文', 'Chinese'), ('TagalogTürkçe', 'Turkish简体中文'), ('ThaiTagalog', 'TagalogTürkçe'), ('Swedishภาษาไทย', 'ThaiTagalog'), ('RussianSvenska', 'Swedishภาษาไทย'), ('RomanianРусский', 'RussianSvenska'), ('PortugueseRomână', 'RomanianРусский'), ('PolishPortuguês', 'PortugueseRomână'), ('NorwegianPolski', 'PolishPortuguês'), ('DutchNorsk', 'NorwegianPolski'), ('MalayNederlands', 'DutchNorsk'), ('Malaysia', 'MalayNederlands'), ('KoreanBahasa', 'Malaysia'), ('Japanese한국어', 'KoreanBahasa'), ('Italian日本語', 'Japanese한국어'), ('IndonesiaItaliano', 'Italian日本語')]",24.42
76,https://www.exeterpremedia.com/wp-content/uploads/2019/06/business-expert-press.webp,N/A,True,False,['NULL'],['NULL'],11.34
77,"https://www.linkedin.com/feed/hashtag/?keywords=%23CloudPublishing""""",Sign Up | LinkedIn,False,True,"['LinkedIn', 'Chinese', 'Policy', 'Agree', 'Sign', 'TraditionalLanguage', 'Simplified正體中文', 'Turkish简体中文', 'TagalogTürkçe', 'ThaiTagalog', 'Swedishภาษาไทย', 'RussianSvenska', 'RomanianРусский', 'PortugueseRomână', 'PolishPortuguês', 'NorwegianPolski', 'DutchNorsk', 'MalayNederlands', 'Malaysia']","[('Chinese', 'TraditionalLanguage'), ('Simplified正體中文', 'Chinese'), ('Chinese', 'Simplified正體中文'), ('Turkish简体中文', 'Chinese'), ('TagalogTürkçe', 'Turkish简体中文'), ('ThaiTagalog', 'TagalogTürkçe'), ('Swedishภาษาไทย', 'ThaiTagalog'), ('RussianSvenska', 'Swedishภาษาไทย'), ('RomanianРусский', 'RussianSvenska'), ('PortugueseRomână', 'RomanianРусский'), ('PolishPortuguês', 'PortugueseRomână'), ('NorwegianPolski', 'PolishPortuguês'), ('DutchNorsk', 'NorwegianPolski'), ('MalayNederlands', 'DutchNorsk'), ('Malaysia', 'MalayNederlands'), ('KoreanBahasa', 'Malaysia'), ('Japanese한국어', 'KoreanBahasa'), ('Italian日本語', 'Japanese한국어'), ('IndonesiaItaliano', 'Italian日本語')]",24.44
78,https://www.linkedin.com/feed/hashtag/?keywords=%23YetAnotherHackathon,Sign Up | LinkedIn,False,True,"['LinkedIn', 'Chinese', 'Policy', 'Agree', 'Sign', 'TraditionalLanguage', 'Simplified正體中文', 'Turkish简体中文', 'TagalogTürkçe', 'ThaiTagalog', 'Swedishภาษาไทย', 'RussianSvenska', 'RomanianРусский', 'PortugueseRomână', 'PolishPortuguês', 'NorwegianPolski', 'DutchNorsk', 'MalayNederlands', 'Malaysia']","[('Chinese', 'TraditionalLanguage'), ('Simplified正體中文', 'Chinese'), ('Chinese', 'Simplified正體中文'), ('Turkish简体中文', 'Chinese'), ('TagalogTürkçe', 'Turkish简体中文'), ('ThaiTagalog', 'TagalogTürkçe'), ('Swedishภาษาไทย', 'ThaiTagalog'), ('RussianSvenska', 'Swedishภาษาไทย'), ('RomanianРусский', 'RussianSvenska'), ('PortugueseRomână', 'RomanianРусский'), ('PolishPortuguês', 'PortugueseRomână'), ('NorwegianPolski', 'PolishPortuguês'), ('DutchNorsk', 'NorwegianPolski'), ('MalayNederlands', 'DutchNorsk'), ('Malaysia', 'MalayNederlands'), ('KoreanBahasa', 'Malaysia'), ('Japanese한국어', 'KoreanBahasa'), ('Italian日本語', 'Japanese한국어'), ('IndonesiaItaliano', 'Italian日本語')]",24.46
79,https://www.exeterpremedia.com/making-collaboration-work/,Making collaboration work - Exeter,True,False,"['collaboration', 'teams', 'work', 'team', 'together', 'It', 'Sales', 'one', 'also', 'better', 'organization', 'working', 'This', 'A', 'across', 'companies', 'goals', 'business', 'There']","[('collaboration', 'work'), ('Making', 'collaboration'), ('work', 'together'), ('achieve', 'goals'), ('Contact', 'Us'), ('across', 'departments'), ('organizations', 'It'), ('better', 'able'), ('For', 'example'), ('ways', 'working'), ('prove', 'effective'), ('business', 'heads'), ('Editorial', 'Production'), ('making', 'collaboration'), ('Exeter', 'Blog'), ('US', 'careers'), ('CONTACT', 'US'), ('NEWS', 'CONTACT'), ('EVENTS', 'NEWS')]",126.69
80,https://careers.exeterpremedia.com/jobs/Careers,Jobs at Careers,False,True,"['Careers', 'Jobs']","[('Jobs', 'Careers')]",21.66
81,https://www.linkedin.com/in/jaishankarn/,N/A,False,True,[],[],0.0
82,https://www.exeterpremedia.com/wp-content/uploads/2019/06/microbiology-society.webp,N/A,True,False,['NULL'],['NULL'],13.98
83,https://www.exeterpremedia.com/wp-content/uploads/2019/06/momentum-press.webp,N/A,True,False,['NULL'],['NULL'],15.12
84,https://www.kriyadocs.com/,Home - Kriyadocs,False,True,"['kriyadocs', 'content', 'Your', 'PDF', 'get', 'need', 'I', 'required', 'us', 'system', 'Can', 'The', 'XML', 'authors', 'work', 'proof', 'show', 'Yes', 'editors']","[('Schedule', 'Demo'), ('required', 'Your'), ('Contact', 'us'), ('track', 'changes'), ('show', 'track'), ('PDF', 'show'), ('PDF', 'proof'), ('The', 'PDF'), ('directly', 'system'), ('work', 'directly'), ('accessed', 'anytime'), ('content', 'accessed'), ('I', 'get'), ('Yes', 'kriyadocs'), ('printready', 'PDFs'), ('generate', 'printready'), ('kriyadocs', 'generate'), ('I', 'need'), ('click', 'button')]",99.08
